{"sum": 11791053.0, "avr": 291.71333498268183, "sumMD": 49964.0, "avrMD": 212.6127659574468, "sumSD": 50050.0, "avrSD": 212.9787234042553, "max": 554.0, "min": 29.0}